# Dataset-v5, training pipeline-v2, six epochs (12,426 examples per arm).
# done_file	need_mb	after	command	n_gpus
runs/pareto_v2_qwen35_4b_huber_remove_answer/checkpoint	40000	-	scripts/l40s_exec.sh scripts/train.py --config configs/experiments/pareto_v2/base_qwen35_4b.yaml --experiment configs/experiments/pareto_v2/train_qwen35_4b_huber_remove_answer.yaml	1
runs/pareto_v2_qwen35_4b_huber_remove_token/checkpoint	40000	-	scripts/l40s_exec.sh scripts/train.py --config configs/experiments/pareto_v2/base_qwen35_4b.yaml --experiment configs/experiments/pareto_v2/train_qwen35_4b_huber_remove_token.yaml	1
runs/pareto_v2_qwen35_4b_huber_pad_random_answer/checkpoint	40000	-	scripts/l40s_exec.sh scripts/train.py --config configs/experiments/pareto_v2/base_qwen35_4b.yaml --experiment configs/experiments/pareto_v2/train_qwen35_4b_huber_pad_random_answer.yaml	1
runs/pareto_v2_qwen35_4b_huber_pad_random_token/checkpoint	40000	-	scripts/l40s_exec.sh scripts/train.py --config configs/experiments/pareto_v2/base_qwen35_4b.yaml --experiment configs/experiments/pareto_v2/train_qwen35_4b_huber_pad_random_token.yaml	1
runs/pareto_v2_qwen35_4b_lens_kl_remove_answer/checkpoint	40000	-	scripts/l40s_exec.sh scripts/train.py --config configs/experiments/pareto_v2/base_qwen35_4b.yaml --experiment configs/experiments/pareto_v2/train_qwen35_4b_lens_kl_remove_answer.yaml	1
runs/pareto_v2_qwen35_4b_lens_kl_remove_token/checkpoint	40000	-	scripts/l40s_exec.sh scripts/train.py --config configs/experiments/pareto_v2/base_qwen35_4b.yaml --experiment configs/experiments/pareto_v2/train_qwen35_4b_lens_kl_remove_token.yaml	1
runs/pareto_v2_qwen35_4b_lens_kl_pad_random_answer/checkpoint	40000	-	scripts/l40s_exec.sh scripts/train.py --config configs/experiments/pareto_v2/base_qwen35_4b.yaml --experiment configs/experiments/pareto_v2/train_qwen35_4b_lens_kl_pad_random_answer.yaml	1
runs/pareto_v2_qwen35_4b_lens_kl_pad_random_token/checkpoint	40000	-	scripts/l40s_exec.sh scripts/train.py --config configs/experiments/pareto_v2/base_qwen35_4b.yaml --experiment configs/experiments/pareto_v2/train_qwen35_4b_lens_kl_pad_random_token.yaml	1
