runs/certify_anchor_readout/eval/tasks.json	6000	-	.venv/bin/python scripts/evaluate.py --checkpoint runs/certify_anchor_readout/checkpoint --out runs/certify_anchor_readout/eval
runs/certify_censored_frozen/eval/tasks.json	6000	-	.venv/bin/python scripts/evaluate.py --checkpoint runs/certify_censored_frozen/checkpoint --out runs/certify_censored_frozen/eval
runs/certify_lora_online/eval/tasks.json	6000	-	.venv/bin/python scripts/evaluate.py --checkpoint runs/certify_lora_online/checkpoint --out runs/certify_lora_online/eval
runs/certify_mixed_frozen/eval/tasks.json	6000	-	.venv/bin/python scripts/evaluate.py --checkpoint runs/certify_mixed_frozen/checkpoint --out runs/certify_mixed_frozen/eval
runs/certify_offload_adam/eval/tasks.json	6000	-	.venv/bin/python scripts/evaluate.py --checkpoint runs/certify_offload_adam/checkpoint --out runs/certify_offload_adam/eval
runs/certify_sequential_subset/eval/tasks.json	6000	-	.venv/bin/python scripts/evaluate.py --checkpoint runs/certify_sequential_subset/checkpoint --out runs/certify_sequential_subset/eval
runs/certify_slide4_dedup/eval/tasks.json	6000	-	.venv/bin/python scripts/evaluate.py --checkpoint runs/certify_slide4_dedup/checkpoint --out runs/certify_slide4_dedup/eval
runs/certify_slide4_item/eval/tasks.json	6000	-	.venv/bin/python scripts/evaluate.py --checkpoint runs/certify_slide4_item/checkpoint --out runs/certify_slide4_item/eval
runs/certify_slide4_readout/eval/tasks.json	6000	-	.venv/bin/python scripts/evaluate.py --checkpoint runs/certify_slide4_readout/checkpoint --out runs/certify_slide4_readout/eval
runs/certify_slide4_readout_padded/eval/tasks.json	6000	-	.venv/bin/python scripts/evaluate.py --checkpoint runs/certify_slide4_readout_padded/checkpoint --out runs/certify_slide4_readout_padded/eval
runs/certify_summed_bucketed/eval/tasks.json	6000	-	.venv/bin/python scripts/evaluate.py --checkpoint runs/certify_summed_bucketed/checkpoint --out runs/certify_summed_bucketed/eval
runs/certify_summed_item/eval/tasks.json	6000	-	.venv/bin/python scripts/evaluate.py --checkpoint runs/certify_summed_item/checkpoint --out runs/certify_summed_item/eval
runs/certify_summed_padded/eval/tasks.json	6000	-	.venv/bin/python scripts/evaluate.py --checkpoint runs/certify_summed_padded/checkpoint --out runs/certify_summed_padded/eval
runs/clean_combined_slide8_nmse_0p6b_rag/eval/tasks.json	6000	-	.venv/bin/python scripts/evaluate.py --checkpoint runs/clean_combined_slide8_nmse_0p6b_rag/checkpoint --out runs/clean_combined_slide8_nmse_0p6b_rag/eval
runs/clean_combined_slide8_vocab_0p6b_rag/eval/tasks.json	6000	-	.venv/bin/python scripts/evaluate.py --checkpoint runs/clean_combined_slide8_vocab_0p6b_rag/checkpoint --out runs/clean_combined_slide8_vocab_0p6b_rag/eval
runs/clean_combined_slide8_vocab_14b_lora/eval/tasks.json	14000	-	.venv/bin/python scripts/evaluate.py --checkpoint runs/clean_combined_slide8_vocab_14b_lora/checkpoint --out runs/clean_combined_slide8_vocab_14b_lora/eval
runs/clean_combined_slide8_vocab_1p7b_rag/eval/tasks.json	10000	-	.venv/bin/python scripts/evaluate.py --checkpoint runs/clean_combined_slide8_vocab_1p7b_rag/checkpoint --out runs/clean_combined_slide8_vocab_1p7b_rag/eval
runs/clean_combined_slide8_vocab_4b_lora/eval/tasks.json	14000	-	.venv/bin/python scripts/evaluate.py --checkpoint runs/clean_combined_slide8_vocab_4b_lora/checkpoint --out runs/clean_combined_slide8_vocab_4b_lora/eval
runs/clean_combined_slide8_vocab_8b_lora/eval/tasks.json	22000	-	.venv/bin/python scripts/evaluate.py --checkpoint runs/clean_combined_slide8_vocab_8b_lora/checkpoint --out runs/clean_combined_slide8_vocab_8b_lora/eval
runs/clean_machado_slide8_vocab_14b_lora/eval/tasks.json	14000	-	.venv/bin/python scripts/evaluate.py --checkpoint runs/clean_machado_slide8_vocab_14b_lora/checkpoint --out runs/clean_machado_slide8_vocab_14b_lora/eval
runs/clean_machado_slide8_vocab_4b_lora/eval/tasks.json	14000	-	.venv/bin/python scripts/evaluate.py --checkpoint runs/clean_machado_slide8_vocab_4b_lora/checkpoint --out runs/clean_machado_slide8_vocab_4b_lora/eval
runs/clean_machado_slide8_vocab_8b_lora/eval/tasks.json	22000	-	.venv/bin/python scripts/evaluate.py --checkpoint runs/clean_machado_slide8_vocab_8b_lora/checkpoint --out runs/clean_machado_slide8_vocab_8b_lora/eval
runs/clean_q_ch1_slide2_vocab_14b_lora/eval/tasks.json	14000	-	.venv/bin/python scripts/evaluate.py --checkpoint runs/clean_q_ch1_slide2_vocab_14b_lora/checkpoint --out runs/clean_q_ch1_slide2_vocab_14b_lora/eval
runs/clean_q_ch1_slide2_vocab_1p7b_rag/eval/tasks.json	10000	-	.venv/bin/python scripts/evaluate.py --checkpoint runs/clean_q_ch1_slide2_vocab_1p7b_rag/checkpoint --out runs/clean_q_ch1_slide2_vocab_1p7b_rag/eval
runs/clean_q_ch1_slide4_vocab_0p6b_e320_rag/eval/tasks.json	6000	-	.venv/bin/python scripts/evaluate.py --checkpoint runs/clean_q_ch1_slide4_vocab_0p6b_e320_rag/checkpoint --out runs/clean_q_ch1_slide4_vocab_0p6b_e320_rag/eval
runs/clean_q_ch1_slide4_vocab_0p6b_rag/eval/tasks.json	6000	-	.venv/bin/python scripts/evaluate.py --checkpoint runs/clean_q_ch1_slide4_vocab_0p6b_rag/checkpoint --out runs/clean_q_ch1_slide4_vocab_0p6b_rag/eval
runs/clean_q_ch1_slide4_vocab_14b_lora/eval/tasks.json	14000	-	.venv/bin/python scripts/evaluate.py --checkpoint runs/clean_q_ch1_slide4_vocab_14b_lora/checkpoint --out runs/clean_q_ch1_slide4_vocab_14b_lora/eval
runs/clean_q_ch1_slide4_vocab_1p7b_rag/eval/tasks.json	10000	-	.venv/bin/python scripts/evaluate.py --checkpoint runs/clean_q_ch1_slide4_vocab_1p7b_rag/checkpoint --out runs/clean_q_ch1_slide4_vocab_1p7b_rag/eval
runs/clean_q_ch1_slide8_lenskl_14b_lora/eval/tasks.json	14000	-	.venv/bin/python scripts/evaluate.py --checkpoint runs/clean_q_ch1_slide8_lenskl_14b_lora/checkpoint --out runs/clean_q_ch1_slide8_lenskl_14b_lora/eval
runs/clean_q_ch1_slide8_nmse_0p6b_e320_rag/eval/tasks.json	6000	-	.venv/bin/python scripts/evaluate.py --checkpoint runs/clean_q_ch1_slide8_nmse_0p6b_e320_rag/checkpoint --out runs/clean_q_ch1_slide8_nmse_0p6b_e320_rag/eval
runs/clean_q_ch1_slide8_nmse_0p6b_rag/eval/tasks.json	6000	-	.venv/bin/python scripts/evaluate.py --checkpoint runs/clean_q_ch1_slide8_nmse_0p6b_rag/checkpoint --out runs/clean_q_ch1_slide8_nmse_0p6b_rag/eval
runs/clean_q_ch1_slide8_nmse_14b_lora/eval/tasks.json	14000	-	.venv/bin/python scripts/evaluate.py --checkpoint runs/clean_q_ch1_slide8_nmse_14b_lora/checkpoint --out runs/clean_q_ch1_slide8_nmse_14b_lora/eval
runs/clean_q_ch1_slide8_vocab_0p6b_e320_rag/eval/tasks.json	6000	-	.venv/bin/python scripts/evaluate.py --checkpoint runs/clean_q_ch1_slide8_vocab_0p6b_e320_rag/checkpoint --out runs/clean_q_ch1_slide8_vocab_0p6b_e320_rag/eval
runs/clean_q_ch1_slide8_vocab_0p6b_rag/eval/tasks.json	6000	-	.venv/bin/python scripts/evaluate.py --checkpoint runs/clean_q_ch1_slide8_vocab_0p6b_rag/checkpoint --out runs/clean_q_ch1_slide8_vocab_0p6b_rag/eval
runs/clean_q_ch1_slide8_vocab_14b_lora/eval/tasks.json	14000	-	.venv/bin/python scripts/evaluate.py --checkpoint runs/clean_q_ch1_slide8_vocab_14b_lora/checkpoint --out runs/clean_q_ch1_slide8_vocab_14b_lora/eval
runs/clean_q_ch1_slide8_vocab_1p7b_e320_rag/eval/tasks.json	10000	-	.venv/bin/python scripts/evaluate.py --checkpoint runs/clean_q_ch1_slide8_vocab_1p7b_e320_rag/checkpoint --out runs/clean_q_ch1_slide8_vocab_1p7b_e320_rag/eval
runs/clean_q_ch1_slide8_vocab_1p7b_rag/eval/tasks.json	10000	-	.venv/bin/python scripts/evaluate.py --checkpoint runs/clean_q_ch1_slide8_vocab_1p7b_rag/checkpoint --out runs/clean_q_ch1_slide8_vocab_1p7b_rag/eval
runs/clean_q_ch1_slide8_vocab_4b_lora/eval/tasks.json	14000	-	.venv/bin/python scripts/evaluate.py --checkpoint runs/clean_q_ch1_slide8_vocab_4b_lora/checkpoint --out runs/clean_q_ch1_slide8_vocab_4b_lora/eval
runs/clean_q_ch1_slide8_vocab_8b_lora/eval/tasks.json	22000	-	.venv/bin/python scripts/evaluate.py --checkpoint runs/clean_q_ch1_slide8_vocab_8b_lora/checkpoint --out runs/clean_q_ch1_slide8_vocab_8b_lora/eval
runs/dev/eval/tasks.json	10000	-	.venv/bin/python scripts/evaluate.py --checkpoint runs/dev/checkpoint --out runs/dev/eval
runs/lw_b_mixed_0p6b_rag/eval/tasks.json	6000	-	.venv/bin/python scripts/evaluate.py --checkpoint runs/lw_b_mixed_0p6b_rag/checkpoint --out runs/lw_b_mixed_0p6b_rag/eval
runs/lw_b_mixed_strict_0p6b_rag/eval/tasks.json	6000	-	.venv/bin/python scripts/evaluate.py --checkpoint runs/lw_b_mixed_strict_0p6b_rag/checkpoint --out runs/lw_b_mixed_strict_0p6b_rag/eval
runs/lw_b_tc_frozen_0p6b_rag/eval/tasks.json	6000	-	.venv/bin/python scripts/evaluate.py --checkpoint runs/lw_b_tc_frozen_0p6b_rag/checkpoint --out runs/lw_b_tc_frozen_0p6b_rag/eval
runs/lw_b_tc_lora_0p6b_rag/eval/tasks.json	6000	-	.venv/bin/python scripts/evaluate.py --checkpoint runs/lw_b_tc_lora_0p6b_rag/checkpoint --out runs/lw_b_tc_lora_0p6b_rag/eval
runs/lw_i_cosine_0p6b_rag/eval/tasks.json	6000	-	.venv/bin/python scripts/evaluate.py --checkpoint runs/lw_i_cosine_0p6b_rag/checkpoint --out runs/lw_i_cosine_0p6b_rag/eval
runs/lw_i_huber_0p6b_rag/eval/tasks.json	6000	-	.venv/bin/python scripts/evaluate.py --checkpoint runs/lw_i_huber_0p6b_rag/checkpoint --out runs/lw_i_huber_0p6b_rag/eval
runs/lw_i_l2mse_0p6b_rag/eval/tasks.json	6000	-	.venv/bin/python scripts/evaluate.py --checkpoint runs/lw_i_l2mse_0p6b_rag/checkpoint --out runs/lw_i_l2mse_0p6b_rag/eval
runs/lw_i_lenskl_0p6b_rag/eval/tasks.json	6000	-	.venv/bin/python scripts/evaluate.py --checkpoint runs/lw_i_lenskl_0p6b_rag/checkpoint --out runs/lw_i_lenskl_0p6b_rag/eval
runs/lw_i_lenskl_strict_0p6b_rag/eval/tasks.json	6000	-	.venv/bin/python scripts/evaluate.py --checkpoint runs/lw_i_lenskl_strict_0p6b_rag/checkpoint --out runs/lw_i_lenskl_strict_0p6b_rag/eval
runs/lw_i_nmse_s43_0p6b_rag/eval/tasks.json	6000	-	.venv/bin/python scripts/evaluate.py --checkpoint runs/lw_i_nmse_s43_0p6b_rag/checkpoint --out runs/lw_i_nmse_s43_0p6b_rag/eval
runs/lw_i_nmse_strict_0p6b_rag/eval/tasks.json	6000	-	.venv/bin/python scripts/evaluate.py --checkpoint runs/lw_i_nmse_strict_0p6b_rag/checkpoint --out runs/lw_i_nmse_strict_0p6b_rag/eval
runs/lw_i_vocab_0p6b_rag/eval/tasks.json	6000	-	.venv/bin/python scripts/evaluate.py --checkpoint runs/lw_i_vocab_0p6b_rag/checkpoint --out runs/lw_i_vocab_0p6b_rag/eval
runs/lw_i_vocab_strict_0p6b_rag/eval/tasks.json	6000	-	.venv/bin/python scripts/evaluate.py --checkpoint runs/lw_i_vocab_strict_0p6b_rag/checkpoint --out runs/lw_i_vocab_strict_0p6b_rag/eval
runs/lw_j_l2mse_k4_1p7b_rag/eval/tasks.json	10000	-	.venv/bin/python scripts/evaluate.py --checkpoint runs/lw_j_l2mse_k4_1p7b_rag/checkpoint --out runs/lw_j_l2mse_k4_1p7b_rag/eval
runs/lw_j_llama8b_rag/eval/tasks.json	22000	-	.venv/bin/python scripts/evaluate.py --checkpoint runs/lw_j_llama8b_rag/checkpoint --out runs/lw_j_llama8b_rag/eval
runs/lw_j_qwen4b_rag/eval/tasks.json	14000	-	.venv/bin/python scripts/evaluate.py --checkpoint runs/lw_j_qwen4b_rag/checkpoint --out runs/lw_j_qwen4b_rag/eval
runs/lw_j_qwen8b_rag/eval/tasks.json	22000	-	.venv/bin/python scripts/evaluate.py --checkpoint runs/lw_j_qwen8b_rag/checkpoint --out runs/lw_j_qwen8b_rag/eval
runs/lw_j_vocab_k2_1p7b_rag/eval/tasks.json	10000	-	.venv/bin/python scripts/evaluate.py --checkpoint runs/lw_j_vocab_k2_1p7b_rag/checkpoint --out runs/lw_j_vocab_k2_1p7b_rag/eval
runs/lw_j_vocab_k4_1p7b_rag/eval/tasks.json	10000	-	.venv/bin/python scripts/evaluate.py --checkpoint runs/lw_j_vocab_k4_1p7b_rag/checkpoint --out runs/lw_j_vocab_k4_1p7b_rag/eval
runs/lw_j_vocab_k8_1p7b_rag/eval/tasks.json	10000	-	.venv/bin/python scripts/evaluate.py --checkpoint runs/lw_j_vocab_k8_1p7b_rag/checkpoint --out runs/lw_j_vocab_k8_1p7b_rag/eval
runs/lw_j_vocab_v3_0p6b_rag/eval/tasks.json	6000	-	.venv/bin/python scripts/evaluate.py --checkpoint runs/lw_j_vocab_v3_0p6b_rag/checkpoint --out runs/lw_j_vocab_v3_0p6b_rag/eval
runs/lw_k_anchor_0p6b_rag/eval/tasks.json	6000	-	.venv/bin/python scripts/evaluate.py --checkpoint runs/lw_k_anchor_0p6b_rag/checkpoint --out runs/lw_k_anchor_0p6b_rag/eval
runs/lw_k_anchorkl_0p6b_rag/eval/tasks.json	6000	-	.venv/bin/python scripts/evaluate.py --checkpoint runs/lw_k_anchorkl_0p6b_rag/checkpoint --out runs/lw_k_anchorkl_0p6b_rag/eval
runs/lw_k_final2p_0p6b_rag/eval/tasks.json	6000	-	.venv/bin/python scripts/evaluate.py --checkpoint runs/lw_k_final2p_0p6b_rag/checkpoint --out runs/lw_k_final2p_0p6b_rag/eval
runs/lw_k_final_0p6b_rag/eval/tasks.json	6000	-	.venv/bin/python scripts/evaluate.py --checkpoint runs/lw_k_final_0p6b_rag/checkpoint --out runs/lw_k_final_0p6b_rag/eval
runs/lw_k_final_1p7b_rag/eval/tasks.json	10000	-	.venv/bin/python scripts/evaluate.py --checkpoint runs/lw_k_final_1p7b_rag/checkpoint --out runs/lw_k_final_1p7b_rag/eval
runs/lw_k_final_k8_0p6b_rag/eval/tasks.json	6000	-	.venv/bin/python scripts/evaluate.py --checkpoint runs/lw_k_final_k8_0p6b_rag/checkpoint --out runs/lw_k_final_k8_0p6b_rag/eval
runs/lw_k_final_s43_0p6b_rag/eval/tasks.json	6000	-	.venv/bin/python scripts/evaluate.py --checkpoint runs/lw_k_final_s43_0p6b_rag/checkpoint --out runs/lw_k_final_s43_0p6b_rag/eval
runs/lw_k_maieutic_0p6b_rag/eval/tasks.json	6000	-	.venv/bin/python scripts/evaluate.py --checkpoint runs/lw_k_maieutic_0p6b_rag/checkpoint --out runs/lw_k_maieutic_0p6b_rag/eval
runs/lw_k_tailonly_0p6b_rag/eval/tasks.json	6000	-	.venv/bin/python scripts/evaluate.py --checkpoint runs/lw_k_tailonly_0p6b_rag/checkpoint --out runs/lw_k_tailonly_0p6b_rag/eval
runs/lw_k_tailonly_anchor_0p6b_rag/eval/tasks.json	6000	-	.venv/bin/python scripts/evaluate.py --checkpoint runs/lw_k_tailonly_anchor_0p6b_rag/checkpoint --out runs/lw_k_tailonly_anchor_0p6b_rag/eval
runs/lw_k_tailonly_anchorkl_0p6b_rag/eval/tasks.json	6000	-	.venv/bin/python scripts/evaluate.py --checkpoint runs/lw_k_tailonly_anchorkl_0p6b_rag/checkpoint --out runs/lw_k_tailonly_anchorkl_0p6b_rag/eval
runs/lw_k_v4strict_0p6b_rag/eval/tasks.json	6000	-	.venv/bin/python scripts/evaluate.py --checkpoint runs/lw_k_v4strict_0p6b_rag/checkpoint --out runs/lw_k_v4strict_0p6b_rag/eval
runs/lw_k_vocab_s43_0p6b_rag/eval/tasks.json	6000	-	.venv/bin/python scripts/evaluate.py --checkpoint runs/lw_k_vocab_s43_0p6b_rag/checkpoint --out runs/lw_k_vocab_s43_0p6b_rag/eval
runs/lw_l_final_14b_rag/eval/tasks.json	14000	-	.venv/bin/python scripts/evaluate.py --checkpoint runs/lw_l_final_14b_rag/checkpoint --out runs/lw_l_final_14b_rag/eval
runs/lw_l_final_4b_av2_rag/eval/tasks.json	14000	-	.venv/bin/python scripts/evaluate.py --checkpoint runs/lw_l_final_4b_av2_rag/checkpoint --out runs/lw_l_final_4b_av2_rag/eval
runs/lw_l_final_4b_av2lr_rag/eval/tasks.json	14000	-	.venv/bin/python scripts/evaluate.py --checkpoint runs/lw_l_final_4b_av2lr_rag/checkpoint --out runs/lw_l_final_4b_av2lr_rag/eval
runs/lw_l_final_4b_r64_rag/eval/tasks.json	14000	-	.venv/bin/python scripts/evaluate.py --checkpoint runs/lw_l_final_4b_r64_rag/checkpoint --out runs/lw_l_final_4b_r64_rag/eval
runs/lw_l_final_4b_rag/eval/tasks.json	14000	-	.venv/bin/python scripts/evaluate.py --checkpoint runs/lw_l_final_4b_rag/checkpoint --out runs/lw_l_final_4b_rag/eval
runs/lw_l_final_8b_av2_rag/eval/tasks.json	22000	-	.venv/bin/python scripts/evaluate.py --checkpoint runs/lw_l_final_8b_av2_rag/checkpoint --out runs/lw_l_final_8b_av2_rag/eval
runs/lw_l_final_8b_rag/eval/tasks.json	22000	-	.venv/bin/python scripts/evaluate.py --checkpoint runs/lw_l_final_8b_rag/checkpoint --out runs/lw_l_final_8b_rag/eval
runs/lw_l_tailonly_4b_rag/eval/tasks.json	14000	-	.venv/bin/python scripts/evaluate.py --checkpoint runs/lw_l_tailonly_4b_rag/checkpoint --out runs/lw_l_tailonly_4b_rag/eval
runs/lw_lens_ce_0p6b_rag/eval/tasks.json	6000	-	.venv/bin/python scripts/evaluate.py --checkpoint runs/lw_lens_ce_0p6b_rag/checkpoint --out runs/lw_lens_ce_0p6b_rag/eval
runs/lw_lens_ce_deep_0p6b_rag/eval/tasks.json	6000	-	.venv/bin/python scripts/evaluate.py --checkpoint runs/lw_lens_ce_deep_0p6b_rag/checkpoint --out runs/lw_lens_ce_deep_0p6b_rag/eval
runs/lw_lens_ce_lora_0p6b_rag/eval/tasks.json	6000	-	.venv/bin/python scripts/evaluate.py --checkpoint runs/lw_lens_ce_lora_0p6b_rag/checkpoint --out runs/lw_lens_ce_lora_0p6b_rag/eval
runs/lw_lens_kl_0p6b_rag/eval/tasks.json	6000	-	.venv/bin/python scripts/evaluate.py --checkpoint runs/lw_lens_kl_0p6b_rag/checkpoint --out runs/lw_lens_kl_0p6b_rag/eval
runs/lw_lens_kl_deep_0p6b_rag/eval/tasks.json	6000	-	.venv/bin/python scripts/evaluate.py --checkpoint runs/lw_lens_kl_deep_0p6b_rag/checkpoint --out runs/lw_lens_kl_deep_0p6b_rag/eval
runs/lw_m_anchordiv_0p6b_rag/eval/tasks.json	6000	-	.venv/bin/python scripts/evaluate.py --checkpoint runs/lw_m_anchordiv_0p6b_rag/checkpoint --out runs/lw_m_anchordiv_0p6b_rag/eval
runs/lw_m_anchordiv_1p7b_rag/eval/tasks.json	10000	-	.venv/bin/python scripts/evaluate.py --checkpoint runs/lw_m_anchordiv_1p7b_rag/checkpoint --out runs/lw_m_anchordiv_1p7b_rag/eval
runs/lw_m_anchordiv_s43_0p6b_rag/eval/tasks.json	6000	-	.venv/bin/python scripts/evaluate.py --checkpoint runs/lw_m_anchordiv_s43_0p6b_rag/checkpoint --out runs/lw_m_anchordiv_s43_0p6b_rag/eval
runs/lw_m_anchordiv_w1_0p6b_rag/eval/tasks.json	6000	-	.venv/bin/python scripts/evaluate.py --checkpoint runs/lw_m_anchordiv_w1_0p6b_rag/checkpoint --out runs/lw_m_anchordiv_w1_0p6b_rag/eval
runs/lw_m_combined_0p6b_rag/eval/tasks.json	6000	-	.venv/bin/python scripts/evaluate.py --checkpoint runs/lw_m_combined_0p6b_rag/checkpoint --out runs/lw_m_combined_0p6b_rag/eval
runs/lw_m_combined_1p7b_rag/eval/tasks.json	10000	-	.venv/bin/python scripts/evaluate.py --checkpoint runs/lw_m_combined_1p7b_rag/checkpoint --out runs/lw_m_combined_1p7b_rag/eval
runs/lw_m_combined_s43_0p6b_rag/eval/tasks.json	6000	-	.venv/bin/python scripts/evaluate.py --checkpoint runs/lw_m_combined_s43_0p6b_rag/checkpoint --out runs/lw_m_combined_s43_0p6b_rag/eval
runs/lw_n_thinksel_0p6b_rag/eval/tasks.json	6000	-	.venv/bin/python scripts/evaluate.py --checkpoint runs/lw_n_thinksel_0p6b_rag/checkpoint --out runs/lw_n_thinksel_0p6b_rag/eval
runs/lw_n_thinksel_1p7b_rag/eval/tasks.json	10000	-	.venv/bin/python scripts/evaluate.py --checkpoint runs/lw_n_thinksel_1p7b_rag/checkpoint --out runs/lw_n_thinksel_1p7b_rag/eval
runs/lw_n_thinksel_s43_0p6b_rag/eval/tasks.json	6000	-	.venv/bin/python scripts/evaluate.py --checkpoint runs/lw_n_thinksel_s43_0p6b_rag/checkpoint --out runs/lw_n_thinksel_s43_0p6b_rag/eval
runs/lw_n_thinkselkl_0p6b_rag/eval/tasks.json	6000	-	.venv/bin/python scripts/evaluate.py --checkpoint runs/lw_n_thinkselkl_0p6b_rag/checkpoint --out runs/lw_n_thinkselkl_0p6b_rag/eval
runs/lw_n_thinkslide_0p6b_rag/eval/tasks.json	6000	-	.venv/bin/python scripts/evaluate.py --checkpoint runs/lw_n_thinkslide_0p6b_rag/checkpoint --out runs/lw_n_thinkslide_0p6b_rag/eval
runs/lw_n_thinkwhole_0p6b_rag/eval/tasks.json	6000	-	.venv/bin/python scripts/evaluate.py --checkpoint runs/lw_n_thinkwhole_0p6b_rag/checkpoint --out runs/lw_n_thinkwhole_0p6b_rag/eval
runs/lw_o_fisher_0p6b_rag/eval/tasks.json	6000	-	.venv/bin/python scripts/evaluate.py --checkpoint runs/lw_o_fisher_0p6b_rag/checkpoint --out runs/lw_o_fisher_0p6b_rag/eval
runs/lw_p_ft4b_rag/eval/tasks.json	14000	-	.venv/bin/python scripts/evaluate.py --checkpoint runs/lw_p_ft4b_rag/checkpoint --out runs/lw_p_ft4b_rag/eval
runs/lw_q_pp2_0p6b_rag/eval/tasks.json	6000	-	.venv/bin/python scripts/evaluate.py --checkpoint runs/lw_q_pp2_0p6b_rag/checkpoint --out runs/lw_q_pp2_0p6b_rag/eval
runs/lw_q_pp2fix_0p6b_rag/eval/tasks.json	6000	-	.venv/bin/python scripts/evaluate.py --checkpoint runs/lw_q_pp2fix_0p6b_rag/checkpoint --out runs/lw_q_pp2fix_0p6b_rag/eval
runs/lw_r_disj_pinned/eval/tasks.json	6000	-	.venv/bin/python scripts/evaluate.py --checkpoint runs/lw_r_disj_pinned/checkpoint --out runs/lw_r_disj_pinned/eval
runs/lw_r_lensdeep2_0p6b_rag/eval/tasks.json	6000	-	.venv/bin/python scripts/evaluate.py --checkpoint runs/lw_r_lensdeep2_0p6b_rag/checkpoint --out runs/lw_r_lensdeep2_0p6b_rag/eval
runs/lw_r_lensonly_0p6b_rag/eval/tasks.json	6000	-	.venv/bin/python scripts/evaluate.py --checkpoint runs/lw_r_lensonly_0p6b_rag/checkpoint --out runs/lw_r_lensonly_0p6b_rag/eval
runs/lw_r_s43_pinned/eval/tasks.json	6000	-	.venv/bin/python scripts/evaluate.py --checkpoint runs/lw_r_s43_pinned/checkpoint --out runs/lw_r_s43_pinned/eval
runs/lw_r_slide2_0p6b_rag/eval/tasks.json	6000	-	.venv/bin/python scripts/evaluate.py --checkpoint runs/lw_r_slide2_0p6b_rag/checkpoint --out runs/lw_r_slide2_0p6b_rag/eval
runs/lw_r_slide4_0p6b_rag/eval/tasks.json	6000	-	.venv/bin/python scripts/evaluate.py --checkpoint runs/lw_r_slide4_0p6b_rag/checkpoint --out runs/lw_r_slide4_0p6b_rag/eval
runs/lw_r_slide6pure_0p6b_rag/eval/tasks.json	6000	-	.venv/bin/python scripts/evaluate.py --checkpoint runs/lw_r_slide6pure_0p6b_rag/checkpoint --out runs/lw_r_slide6pure_0p6b_rag/eval
runs/lw_r_slide8_0p6b_rag/eval/tasks.json	6000	-	.venv/bin/python scripts/evaluate.py --checkpoint runs/lw_r_slide8_0p6b_rag/checkpoint --out runs/lw_r_slide8_0p6b_rag/eval
runs/lw_r_slide8disj_0p6b_rag/eval/tasks.json	6000	-	.venv/bin/python scripts/evaluate.py --checkpoint runs/lw_r_slide8disj_0p6b_rag/checkpoint --out runs/lw_r_slide8disj_0p6b_rag/eval
runs/lw_r_slide8kl_0p6b_rag/eval/tasks.json	6000	-	.venv/bin/python scripts/evaluate.py --checkpoint runs/lw_r_slide8kl_0p6b_rag/checkpoint --out runs/lw_r_slide8kl_0p6b_rag/eval
runs/lw_r_slide8pure_0p6b_rag/eval/tasks.json	6000	-	.venv/bin/python scripts/evaluate.py --checkpoint runs/lw_r_slide8pure_0p6b_rag/checkpoint --out runs/lw_r_slide8pure_0p6b_rag/eval
runs/lw_r_slide8pure_1p7b_rag/eval/tasks.json	10000	-	.venv/bin/python scripts/evaluate.py --checkpoint runs/lw_r_slide8pure_1p7b_rag/checkpoint --out runs/lw_r_slide8pure_1p7b_rag/eval
runs/lw_r_slide8pure_s43_0p6b_rag/eval/tasks.json	6000	-	.venv/bin/python scripts/evaluate.py --checkpoint runs/lw_r_slide8pure_s43_0p6b_rag/checkpoint --out runs/lw_r_slide8pure_s43_0p6b_rag/eval
runs/lw_r_tailpure_0p6b_rag/eval/tasks.json	6000	-	.venv/bin/python scripts/evaluate.py --checkpoint runs/lw_r_tailpure_0p6b_rag/checkpoint --out runs/lw_r_tailpure_0p6b_rag/eval
runs/lw_s_lenskluni_0p6b_rag/eval/tasks.json	6000	-	.venv/bin/python scripts/evaluate.py --checkpoint runs/lw_s_lenskluni_0p6b_rag/checkpoint --out runs/lw_s_lenskluni_0p6b_rag/eval
runs/lw_s_slide8lenskl_0p6b_rag/eval/tasks.json	6000	-	.venv/bin/python scripts/evaluate.py --checkpoint runs/lw_s_slide8lenskl_0p6b_rag/checkpoint --out runs/lw_s_slide8lenskl_0p6b_rag/eval
runs/lw_s_slide8nmse_0p6b_rag/eval/tasks.json	6000	-	.venv/bin/python scripts/evaluate.py --checkpoint runs/lw_s_slide8nmse_0p6b_rag/checkpoint --out runs/lw_s_slide8nmse_0p6b_rag/eval
runs/lw_s_tcmodern_0p6b_rag/eval/tasks.json	6000	-	.venv/bin/python scripts/evaluate.py --checkpoint runs/lw_s_tcmodern_0p6b_rag/checkpoint --out runs/lw_s_tcmodern_0p6b_rag/eval
runs/lw_seq_0p6b_rag/eval/tasks.json	6000	-	.venv/bin/python scripts/evaluate.py --checkpoint runs/lw_seq_0p6b_rag/checkpoint --out runs/lw_seq_0p6b_rag/eval
runs/lw_seq_1p7b_rag/eval/tasks.json	10000	-	.venv/bin/python scripts/evaluate.py --checkpoint runs/lw_seq_1p7b_rag/checkpoint --out runs/lw_seq_1p7b_rag/eval
runs/lw_seq_bf16_0p6b_rag/eval/tasks.json	6000	-	.venv/bin/python scripts/evaluate.py --checkpoint runs/lw_seq_bf16_0p6b_rag/checkpoint --out runs/lw_seq_bf16_0p6b_rag/eval
runs/lw_summed_0p6b_rag/eval/tasks.json	6000	-	.venv/bin/python scripts/evaluate.py --checkpoint runs/lw_summed_0p6b_rag/checkpoint --out runs/lw_summed_0p6b_rag/eval
runs/lw_summed_ce_0p6b_rag/eval/tasks.json	6000	-	.venv/bin/python scripts/evaluate.py --checkpoint runs/lw_summed_ce_0p6b_rag/checkpoint --out runs/lw_summed_ce_0p6b_rag/eval
runs/lw_summed_ce_e40_0p6b_rag/eval/tasks.json	6000	-	.venv/bin/python scripts/evaluate.py --checkpoint runs/lw_summed_ce_e40_0p6b_rag/checkpoint --out runs/lw_summed_ce_e40_0p6b_rag/eval
runs/lw_summed_e40_0p6b_rag/eval/tasks.json	6000	-	.venv/bin/python scripts/evaluate.py --checkpoint runs/lw_summed_e40_0p6b_rag/checkpoint --out runs/lw_summed_e40_0p6b_rag/eval
runs/lw_summed_l2mse_e40_0p6b_rag/eval/tasks.json	6000	-	.venv/bin/python scripts/evaluate.py --checkpoint runs/lw_summed_l2mse_e40_0p6b_rag/checkpoint --out runs/lw_summed_l2mse_e40_0p6b_rag/eval
runs/lw_t_ragchannel_0p6b_rag/eval/tasks.json	6000	-	.venv/bin/python scripts/evaluate.py --checkpoint runs/lw_t_ragchannel_0p6b_rag/checkpoint --out runs/lw_t_ragchannel_0p6b_rag/eval
runs/lw_tail_ce_0p6b_rag/eval/tasks.json	6000	-	.venv/bin/python scripts/evaluate.py --checkpoint runs/lw_tail_ce_0p6b_rag/checkpoint --out runs/lw_tail_ce_0p6b_rag/eval
runs/lw_tail_ce_e40_0p6b_rag/eval/tasks.json	6000	-	.venv/bin/python scripts/evaluate.py --checkpoint runs/lw_tail_ce_e40_0p6b_rag/checkpoint --out runs/lw_tail_ce_e40_0p6b_rag/eval
runs/lw_tail_ce_e40_s2_0p6b_rag/eval/tasks.json	6000	-	.venv/bin/python scripts/evaluate.py --checkpoint runs/lw_tail_ce_e40_s2_0p6b_rag/checkpoint --out runs/lw_tail_ce_e40_s2_0p6b_rag/eval
runs/lw_tail_ce_e40_v2_0p6b_rag/eval/tasks.json	6000	-	.venv/bin/python scripts/evaluate.py --checkpoint runs/lw_tail_ce_e40_v2_0p6b_rag/checkpoint --out runs/lw_tail_ce_e40_v2_0p6b_rag/eval
runs/lw_tail_ce_k2_e40_0p6b_rag/eval/tasks.json	6000	-	.venv/bin/python scripts/evaluate.py --checkpoint runs/lw_tail_ce_k2_e40_0p6b_rag/checkpoint --out runs/lw_tail_ce_k2_e40_0p6b_rag/eval
runs/lw_tail_ce_lora_0p6b_rag/eval/tasks.json	6000	-	.venv/bin/python scripts/evaluate.py --checkpoint runs/lw_tail_ce_lora_0p6b_rag/checkpoint --out runs/lw_tail_ce_lora_0p6b_rag/eval
runs/lw_tc_lora_14b_rag/eval/tasks.json	14000	-	.venv/bin/python scripts/evaluate.py --checkpoint runs/lw_tc_lora_14b_rag/checkpoint --out runs/lw_tc_lora_14b_rag/eval
runs/lw_tc_lora_e40_0p6b_rag/eval/tasks.json	6000	-	.venv/bin/python scripts/evaluate.py --checkpoint runs/lw_tc_lora_e40_0p6b_rag/checkpoint --out runs/lw_tc_lora_e40_0p6b_rag/eval
runs/pp2diag_lora_single_0p6b/eval/tasks.json	6000	-	.venv/bin/python scripts/evaluate.py --checkpoint runs/pp2diag_lora_single_0p6b/checkpoint --out runs/pp2diag_lora_single_0p6b/eval
runs/pp2diag_noanchor_single_0p6b/eval/tasks.json	6000	-	.venv/bin/python scripts/evaluate.py --checkpoint runs/pp2diag_noanchor_single_0p6b/checkpoint --out runs/pp2diag_noanchor_single_0p6b/eval
runs/q_ch16_0p6b_rag/eval/tasks.json	6000	-	.venv/bin/python scripts/evaluate.py --checkpoint runs/q_ch16_0p6b_rag/checkpoint --out runs/q_ch16_0p6b_rag/eval
runs/q_ch16_av2_0p6b_rag/eval/tasks.json	6000	-	.venv/bin/python scripts/evaluate.py --checkpoint runs/q_ch16_av2_0p6b_rag/checkpoint --out runs/q_ch16_av2_0p6b_rag/eval
runs/q_ch16_ext_0p6b_rag/eval/tasks.json	6000	-	.venv/bin/python scripts/evaluate.py --checkpoint runs/q_ch16_ext_0p6b_rag/checkpoint --out runs/q_ch16_ext_0p6b_rag/eval
runs/q_ch1_0p6b_rag/eval/tasks.json	6000	-	.venv/bin/python scripts/evaluate.py --checkpoint runs/q_ch1_0p6b_rag/checkpoint --out runs/q_ch1_0p6b_rag/eval
runs/q_ch1_ext_0p6b_rag/eval/tasks.json	6000	-	.venv/bin/python scripts/evaluate.py --checkpoint runs/q_ch1_ext_0p6b_rag/checkpoint --out runs/q_ch1_ext_0p6b_rag/eval
runs/q_ch4_0p6b_rag/eval/tasks.json	6000	-	.venv/bin/python scripts/evaluate.py --checkpoint runs/q_ch4_0p6b_rag/checkpoint --out runs/q_ch4_0p6b_rag/eval
runs/q_ch4_av2_0p6b_rag/eval/tasks.json	6000	-	.venv/bin/python scripts/evaluate.py --checkpoint runs/q_ch4_av2_0p6b_rag/checkpoint --out runs/q_ch4_av2_0p6b_rag/eval
runs/q_ch4_av2_s43_0p6b_rag/eval/tasks.json	6000	-	.venv/bin/python scripts/evaluate.py --checkpoint runs/q_ch4_av2_s43_0p6b_rag/checkpoint --out runs/q_ch4_av2_s43_0p6b_rag/eval
runs/q_ch8_0p6b_rag/eval/tasks.json	6000	-	.venv/bin/python scripts/evaluate.py --checkpoint runs/q_ch8_0p6b_rag/checkpoint --out runs/q_ch8_0p6b_rag/eval
runs/q_ch8_av2_0p6b_rag/eval/tasks.json	6000	-	.venv/bin/python scripts/evaluate.py --checkpoint runs/q_ch8_av2_0p6b_rag/checkpoint --out runs/q_ch8_av2_0p6b_rag/eval
runs/q_ch8_slide8pure_0p6b_rag/eval/tasks.json	6000	-	.venv/bin/python scripts/evaluate.py --checkpoint runs/q_ch8_slide8pure_0p6b_rag/checkpoint --out runs/q_ch8_slide8pure_0p6b_rag/eval
runs/tl_i_tunedlenskl_strict_0p6b_rag/eval/tasks.json	6000	-	.venv/bin/python scripts/evaluate.py --checkpoint runs/tl_i_tunedlenskl_strict_0p6b_rag/checkpoint --out runs/tl_i_tunedlenskl_strict_0p6b_rag/eval
runs/xs_fisher_1p7b_rag/eval/tasks.json	10000	-	.venv/bin/python scripts/evaluate.py --checkpoint runs/xs_fisher_1p7b_rag/checkpoint --out runs/xs_fisher_1p7b_rag/eval
runs/xs_slide2_1p7b_rag/eval/tasks.json	10000	-	.venv/bin/python scripts/evaluate.py --checkpoint runs/xs_slide2_1p7b_rag/checkpoint --out runs/xs_slide2_1p7b_rag/eval
runs/xs_slide4_1p7b_rag/eval/tasks.json	10000	-	.venv/bin/python scripts/evaluate.py --checkpoint runs/xs_slide4_1p7b_rag/checkpoint --out runs/xs_slide4_1p7b_rag/eval
runs/base-tasks-Qwen3-0.6B/tasks.json	6000	-	.venv/bin/python scripts/evaluate.py --experiment runs/base-tasks-Qwen3-0.6B/_exp.yaml --base --out runs/base-tasks-Qwen3-0.6B
runs/base-tasks-Qwen3-1.7B/tasks.json	10000	-	.venv/bin/python scripts/evaluate.py --experiment runs/base-tasks-Qwen3-1.7B/_exp.yaml --base --out runs/base-tasks-Qwen3-1.7B
runs/base-tasks-Qwen3-14B/tasks.json	14000	-	.venv/bin/python scripts/evaluate.py --experiment runs/base-tasks-Qwen3-14B/_exp.yaml --base --out runs/base-tasks-Qwen3-14B
runs/base-tasks-Qwen3-4B/tasks.json	14000	-	.venv/bin/python scripts/evaluate.py --experiment runs/base-tasks-Qwen3-4B/_exp.yaml --base --out runs/base-tasks-Qwen3-4B
runs/base-tasks-Qwen3-8B/tasks.json	22000	-	.venv/bin/python scripts/evaluate.py --experiment runs/base-tasks-Qwen3-8B/_exp.yaml --base --out runs/base-tasks-Qwen3-8B
runs/base-tasks-Llama-3.1-8B-Instruct/tasks.json	22000	-	.venv/bin/python scripts/evaluate.py --experiment runs/base-tasks-Llama-3.1-8B-Instruct/_exp.yaml --base --out runs/base-tasks-Llama-3.1-8B-Instruct
runs/clean_machado_slide8_vocab_alia40b_lora/eval/tasks.json	30000	-	.venv/bin/python scripts/evaluate.py --checkpoint runs/clean_machado_slide8_vocab_alia40b_lora/checkpoint --out runs/clean_machado_slide8_vocab_alia40b_lora/eval --load-4bit
runs/base-tasks-ALIA-40b-fc-2606-machado/tasks.json	30000	-	.venv/bin/python scripts/evaluate.py --experiment runs/base-tasks-ALIA-40b-fc-2606-machado/_exp.yaml --base --out runs/base-tasks-ALIA-40b-fc-2606-machado --load-4bit
runs/base-tasks-Qwen3-14B-ch1/tasks.json	36000	-	.venv/bin/python scripts/evaluate.py --experiment runs/base-tasks-Qwen3-14B-ch1/_exp.yaml --base --out runs/base-tasks-Qwen3-14B-ch1
runs/base-tasks-Qwen3-1.7B-ch1/tasks.json	10000	-	.venv/bin/python scripts/evaluate.py --experiment runs/base-tasks-Qwen3-1.7B-ch1/_exp.yaml --base --out runs/base-tasks-Qwen3-1.7B-ch1
runs/base-tasks-Qwen3-0.6B-ch1/tasks.json	6000	-	.venv/bin/python scripts/evaluate.py --experiment runs/base-tasks-Qwen3-0.6B-ch1/_exp.yaml --base --out runs/base-tasks-Qwen3-0.6B-ch1
runs/base-tasks-Qwen3-4B-ch1/tasks.json	14000	-	.venv/bin/python scripts/evaluate.py --experiment runs/base-tasks-Qwen3-4B-ch1/_exp.yaml --base --out runs/base-tasks-Qwen3-4B-ch1
runs/base-tasks-Qwen3-8B-ch1/tasks.json	22000	-	.venv/bin/python scripts/evaluate.py --experiment runs/base-tasks-Qwen3-8B-ch1/_exp.yaml --base --out runs/base-tasks-Qwen3-8B-ch1
runs/lw_j_mistral7b_rag/eval/tasks.json	18000	-	.venv/bin/python scripts/evaluate.py --checkpoint runs/lw_j_mistral7b_rag/checkpoint --out runs/lw_j_mistral7b_rag/eval
runs/base-tasks-Mistral-7B-Instruct-v0.1-machado/tasks.json	18000	-	.venv/bin/python scripts/evaluate.py --experiment runs/base-tasks-Mistral-7B-Instruct-v0.1-machado/_exp.yaml --base --out runs/base-tasks-Mistral-7B-Instruct-v0.1-machado
runs/lw_j_phi4mini_rag/eval/tasks.json	12000	-	.venv/bin/python scripts/evaluate.py --checkpoint runs/lw_j_phi4mini_rag/checkpoint --out runs/lw_j_phi4mini_rag/eval
runs/base-tasks-Phi-4-mini-reasoning-machado/tasks.json	12000	-	.venv/bin/python scripts/evaluate.py --experiment runs/base-tasks-Phi-4-mini-reasoning-machado/_exp.yaml --base --out runs/base-tasks-Phi-4-mini-reasoning-machado
runs/lw_k_gptoss_rag/eval/tasks.json	30000	-	.venv/bin/python scripts/evaluate.py --checkpoint runs/lw_k_gptoss_rag/checkpoint --out runs/lw_k_gptoss_rag/eval --load-4bit
runs/base-tasks-gpt-oss-20b-machado/tasks.json	30000	-	.venv/bin/python scripts/evaluate.py --experiment runs/base-tasks-gpt-oss-20b-machado/_exp.yaml --base --out runs/base-tasks-gpt-oss-20b-machado --load-4bit
runs/base-tasks-Qwen3-0.6B-ch16/tasks.json	6000	-	.venv/bin/python scripts/evaluate.py --experiment runs/base-tasks-Qwen3-0.6B-ch16/_exp.yaml --base --out runs/base-tasks-Qwen3-0.6B-ch16
runs/base-tasks-Qwen3-0.6B-ch4/tasks.json	6000	-	.venv/bin/python scripts/evaluate.py --experiment runs/base-tasks-Qwen3-0.6B-ch4/_exp.yaml --base --out runs/base-tasks-Qwen3-0.6B-ch4
runs/base-tasks-Qwen3-0.6B-ch8/tasks.json	6000	-	.venv/bin/python scripts/evaluate.py --experiment runs/base-tasks-Qwen3-0.6B-ch8/_exp.yaml --base --out runs/base-tasks-Qwen3-0.6B-ch8
